{"true_pred_pressure": {"_type": "image-file", "sha256": "3d5933f145a4f75fa61bcf0545612a36d730c56ab1bdebeaada849584f5036f5", "size": 142494, "path": "media/images/true_pred_pressure_8_3d5933f145a4f75fa61b.png", "format": "png", "width": 1500, "height": 1200}, "epoch": 149, "_timestamp": 1678342826.778917, "_runtime": 180.25396013259888, "_step": 9, "val_loss": 0.0027750071603804827, "train_loss": 0.0022976219188421965, "val_rel_error_pt": 6.896308064460754, "_wandb": {"runtime": 179}}