{"true_pred_pressure": {"_type": "image-file", "sha256": "9b5ea86549f8ee4da6202abe0acb72baf9a6da491c6da6415ac19c10fe392386", "size": 143697, "path": "media/images/true_pred_pressure_8_9b5ea86549f8ee4da620.png", "format": "png", "width": 1500, "height": 1200}, "epoch": 149, "_timestamp": 1678343509.124369, "_runtime": 233.80079889297485, "_step": 9, "val_loss": 0.0022780534345656633, "train_loss": 0.0019993125461041927, "val_rel_error_pt": 6.204843148589134, "_wandb": {"runtime": 232}}