{"true_pred_pressure": {"_type": "image-file", "sha256": "036f899415b7bcbfa089ef786bf87783df057a15ac14baf4c15b737cb8198914", "size": 142572, "path": "media/images/true_pred_pressure_8_036f899415b7bcbfa089.png", "format": "png", "width": 1500, "height": 1200}, "epoch": 149, "_timestamp": 1678344153.785236, "_runtime": 399.0978708267212, "_step": 9, "val_loss": 0.002358692931011319, "train_loss": 0.002419345546513796, "val_rel_error_pt": 6.333176791667938, "_wandb": {"runtime": 398}}