{"true_pred_pressure": {"_type": "image-file", "sha256": "5921a3746903f7416ff38c15b2a3eecdb8b0eddc0420c4ec0b3c64b458ed9b98", "size": 125567, "path": "media/images/true_pred_pressure_8_5921a3746903f7416ff3.png", "format": "png", "width": 1500, "height": 1200}, "epoch": 149, "_timestamp": 1678328905.89101, "_runtime": 116.02684712409973, "_step": 9, "val_loss": 0.0031041044276207685, "train_loss": 0.002335424069315195, "val_rel_error_pt": 7.218769192695618, "_wandb": {"runtime": 115}}