{"true_pred_pressure": {"_type": "image-file", "sha256": "a421d8800502d31961c3cc8e2db169d7fda7c86c77fb61507bdfe900950f00fa", "size": 143937, "path": "media/images/true_pred_pressure_8_a421d8800502d31961c3.png", "format": "png", "width": 1500, "height": 1200}, "epoch": 149, "_timestamp": 1678343261.970819, "_runtime": 232.2426369190216, "_step": 9, "val_loss": 0.0025164680555462837, "train_loss": 0.00214361771941185, "val_rel_error_pt": 6.528914719820023, "_wandb": {"runtime": 231}}