{"true_pred_pressure": {"_type": "image-file", "sha256": "b0ce3b54bd081123f281520c810e3bfff47df2f4acf814dec2118c1b91076b3d", "size": 141858, "path": "media/images/true_pred_pressure_8_b0ce3b54bd081123f281.png", "format": "png", "width": 1500, "height": 1200}, "epoch": 149, "_timestamp": 1678342635.473261, "_runtime": 178.46167922019958, "_step": 9, "val_loss": 0.002987579209730029, "train_loss": 0.002622963162139058, "val_rel_error_pt": 7.169368863105774, "_wandb": {"runtime": 177}}