{"true_pred_pressure": {"_type": "image-file", "sha256": "17b4bd60747fa6bd055c2b0ea7e093a48c7c93d075f283ae947e39b51b53d56b", "size": 123919, "path": "media/images/true_pred_pressure_8_17b4bd60747fa6bd055c.png", "format": "png", "width": 1500, "height": 1200}, "epoch": 149, "_timestamp": 1678330196.0719402, "_runtime": 114.995765209198, "_step": 9, "val_loss": 0.0036543854512274265, "train_loss": 0.0032760908361524343, "val_rel_error_pt": 7.987413555383682, "_wandb": {"runtime": 114}}