{"true_pred_pressure": {"_type": "image-file", "sha256": "a21900d8cd7963b5f5eb126670fbe4f71f5dfad6567fc65db3cbfd1d518140f6", "size": 142461, "path": "media/images/true_pred_pressure_8_a21900d8cd7963b5f5eb.png", "format": "png", "width": 1500, "height": 1200}, "epoch": 149, "_timestamp": 1678344981.475776, "_runtime": 399.96748304367065, "_step": 9, "val_loss": 0.002316560596227646, "train_loss": 0.0023594850208610296, "val_rel_error_pt": 6.238758936524391, "_wandb": {"runtime": 399}}