{"true_pred_pressure": {"_type": "image-file", "sha256": "6b9d8ff8a3e582bad672fc6f87238583f622e7092712b7735962621a95f41c4f", "size": 142098, "path": "media/images/true_pred_pressure_8_6b9d8ff8a3e582bad672.png", "format": "png", "width": 1500, "height": 1200}, "epoch": 149, "_timestamp": 1678344568.3135371, "_runtime": 400.92870116233826, "_step": 9, "val_loss": 0.002062044106423855, "train_loss": 0.0017078118398785591, "val_rel_error_pt": 5.837007984519005, "_wandb": {"runtime": 400}}