{"true_pred_pressure": {"_type": "image-file", "sha256": "c17d8c7f8f9880e46eb13b7b735557296a291b30dc4b3b129b600c5098734912", "size": 142357, "path": "media/images/true_pred_pressure_27_c17d8c7f8f9880e46eb1.png", "format": "png", "width": 1500, "height": 1200}, "epoch": 149, "_timestamp": 1678598675.972147, "_runtime": 211.09123587608337, "_step": 29, "rel_error_hist": {"_type": "histogram", "values": [354, 358, 129, 55, 14, 8, 2, 1, 0, 1], "bins": [3.710664749145508, 5.890352249145508, 8.070039749145508, 10.249728202819824, 12.429415702819824, 14.609103202819824, 16.78879165649414, 18.96847915649414, 21.14816665649414, 23.32785415649414, 25.50754165649414]}, "val_loss": 0.002763801021501422, "train_loss": 0.0023546055890619755, "val_rel_error_pt": 6.898975372314453, "rel_error": {"_type": "histogram", "values": [43, 125, 156, 167, 135, 68, 66, 31, 34, 24, 26, 9, 14, 5, 2, 5, 5, 1, 1, 1, 1, 1, 0, 0, 1, 0, 0, 0, 0, 0, 0, 1], "bins": [3.710664749145508, 4.391817092895508, 5.072969436645508, 5.754121780395508, 6.435274124145508, 7.116426944732666, 7.797579288482666, 8.478731155395508, 9.159883499145508, 9.841036796569824, 10.522189140319824, 11.203341484069824, 11.884493827819824, 12.565646171569824, 13.246798515319824, 13.927950859069824, 14.609103202819824, 15.290255546569824, 15.971407890319824, 16.65256118774414, 17.33371353149414, 18.01486587524414, 18.69601821899414, 19.37717056274414, 20.05832290649414, 20.73947525024414, 21.42062759399414, 22.10177993774414, 22.78293228149414, 23.46408462524414, 24.14523696899414, 24.82638931274414, 25.50754165649414]}, "_wandb": {"runtime": 210}}