{"true_pred_pressure": {"_type": "image-file", "sha256": "82e6570c181c623c937461b8cf2e670b0bc2dce0a0c134a08d0d3485a1c9086c", "size": 143089, "path": "media/images/true_pred_pressure_8_82e6570c181c623c9374.png", "format": "png", "width": 1500, "height": 1200}, "epoch": 149, "_timestamp": 1678343741.593887, "_runtime": 221.60556602478027, "_step": 9, "val_loss": 0.0020027754362672567, "train_loss": 0.0014810679713264108, "val_rel_error_pt": 5.811163038015366, "_wandb": {"runtime": 220}}