{"true_pred_pressure": {"_type": "image-file", "sha256": "7752d42f2de2a2238039ca99b9ba10c8fbf006098f919f75e94989f01e6ca71b", "size": 142606, "path": "media/images/true_pred_pressure_8_7752d42f2de2a2238039.png", "format": "png", "width": 1500, "height": 1200}, "epoch": 149, "_timestamp": 1678343021.7181928, "_runtime": 187.16565680503845, "_step": 9, "val_loss": 0.002579091116786003, "train_loss": 0.00204235571436584, "val_rel_error_pt": 6.670572608709335, "_wandb": {"runtime": 186}}